,K/Fold,Accuracy
0,1,0.7844827586206896
1,2,0.735632183908046
2,3,0.792507204610951
3,4,0.8731988472622478
4,5,0.8847262247838616
