,K/Fold,Accuracy
0,1,0.819672131147541
1,2,0.7613168724279835
2,3,0.8641975308641975
3,4,0.8847736625514403
4,5,0.8847736625514403
