,K/Fold,Accuracy
0,1,0.71875
1,2,0.6625
2,3,0.71875
3,4,0.68125
4,5,0.68125
