,K/Fold,Accuracy
0,1,0.7875
1,2,0.80625
2,3,0.80625
3,4,0.8
4,5,0.78125
